position,MAE
DEF,2.063280417033223
FWD,2.450783290829845
GK,2.4197653763025078
MID,1.928077907090889
