position,MAE
DEF,2.262730200326143
FWD,2.844394349073081
GK,2.6805612152548632
MID,2.149021336605296
