position,MAE
DEF,2.26045338839061
FWD,2.8206707211139532
GK,2.7420567020584454
MID,2.1930135939836597
